[
  {
    "_id": "674490936d0e1d1c84a1e2bb",
    "courseId": "674361e247d86f541240a163",
    "type": "PDF",
    "title": "cs",
    "description": "l1",
    "extention": "l1.pdf",
    "createdAt": "2024-11-25T14:58:27.946Z",
    "updatedAt": "2024-11-25T14:58:27.946Z",
    "__v": 0
  },
  {
    "_id": "674490b16d0e1d1c84a1e2bd",
    "courseId": "674361e247d86f541240a163",
    "type": "PDF",
    "title": "cs",
    "description": "l1",
    "extention": "l1.pdf",
    "createdAt": "2024-11-25T14:58:57.028Z",
    "updatedAt": "2024-11-25T14:58:57.028Z",
    "__v": 0
  }
]